--Inserty + alter tables - doplnìní klíèù

INSERT INTO person (person_id, first_name, last_name, fingerprint, phone_number, birthdate, sex, address_id) 
VALUES 
  (1, 'John', 'Doe', NULL, 123456789, CAST('1980-05-20' AS DATE), 'M', 1),
  (2, 'Mary', 'Johnson', NULL, 987654321, CAST('1992-08-15' AS DATE), 'F', 2),
  (3, 'Michael', 'Smith', NULL, NULL, CONVERT(DATE, '1975-03-10', 23), 'M', 3),
  (4, 'Emily', 'White', NULL, 876543210, CONVERT(DATE, '1988-11-25', 23), 'F', 4),
  (5, 'Christopher', 'Brown', NULL, 234567890, CONVERT(DATE, '1982-09-03', 23), 'M', 5),
  (6, 'Jessica', 'Miller', NULL, 345678901, CONVERT(DATE, '1990-04-12', 23), 'F', 6),
  (7, 'Brian', 'Davis', NULL, NULL, CONVERT(DATE, '1987-07-28', 23), 'M', 7),
  (8, 'Sophia', 'Anderson', NULL, 789012345, CONVERT(DATE, '1985-01-15', 23), 'F', 8),
  (9, 'Matthew', 'Taylor', NULL, 543210987, CONVERT(DATE, '1984-06-18', 23), 'M', 9),
  (10, 'Olivia', 'Moore', NULL, NULL, CONVERT(DATE, '1995-02-22', 23), 'F', 10),
  (11, 'Jacob', 'Wilson', NULL, 654321098, CONVERT(DATE, '1989-12-04', 23), 'M', 11),
  (12, 'Emma', 'Martin', NULL, NULL, CONVERT(DATE, '1993-10-07', 23), 'F', 12),
  (13, 'William', 'Harris', NULL, 432109876, CONVERT(DATE, '1986-08-14', 23), 'M', 13),
  (14, 'Ava', 'Jones', NULL, NULL, CONVERT(DATE, '1991-03-28', 23), 'F', 14),
  (15, 'Alexander', 'Brown', NULL, 987654321, CONVERT(DATE, '1981-07-11', 23), 'M', 15),
  (16, 'Mia', 'Clark', NULL, NULL, CONVERT(DATE, '1994-05-19', 23), 'F', 16),
  (17, 'Ethan', 'Smith', NULL, 876543210, CONVERT(DATE, '1983-11-08', 23), 'M', 17),
  (18, 'Abigail', 'Anderson', NULL, NULL, CONVERT(DATE, '1997-09-02', 23), 'F', 18),
  (19, 'James', 'Taylor', NULL, 345678901, CONVERT(DATE, '1982-04-16', 23), 'M', 19),
  (20, 'Charlotte', 'Moore', NULL, NULL, CONVERT(DATE, '1996-01-30', 23), 'F', 20),
  (21, 'Liam', 'Williams', NULL, 123456789, CONVERT(DATE, '1980-05-20', 23), 'M', 21),
  (22, 'Grace', 'Jones', NULL, 987654321, CONVERT(DATE, '1992-08-15', 23), 'F', 22),
  (23, 'Logan', 'Thompson', NULL, NULL, CONVERT(DATE, '1975-03-10', 23), 'M', 23),
  (24, 'Chloe', 'Roberts', NULL, 876543210, CONVERT(DATE, '1988-11-25', 23), 'F', 24),
  (25, 'Jackson', 'Miller', NULL, 234567890, CONVERT(DATE, '1982-09-03', 23), 'M', 25),
  (26, 'Harper', 'Anderson', NULL, 345678901, CONVERT(DATE, '1990-04-12', 23), 'F', 26),
  (27, 'Aiden', 'Davis', NULL, NULL, CONVERT(DATE, '1987-07-28', 23), 'M', 27),
  (28, 'Zoe', 'Wilson', NULL, 789012345, CONVERT(DATE, '1985-01-15', 23), 'F', 28),
  (29, 'Lucas', 'Martin', NULL, 543210987, CONVERT(DATE, '1984-06-18', 23), 'M', 29),
  (30, 'Nora', 'Moore', NULL, NULL, CONVERT(DATE, '1995-02-22', 23), 'F', 30),
  (31, 'Carter', 'Harris', NULL, 432109876, CONVERT(DATE, '1986-08-14', 23), 'M', 31),
  (32, 'Luna', 'Jones', NULL, NULL, CONVERT(DATE, '1991-03-28', 23), 'F', 32),
  (33, 'Grayson', 'Brown', NULL, 987654321, CONVERT(DATE, '1981-07-11', 23), 'M', 33),
  (34, 'Aria', 'Clark', NULL, NULL, CONVERT(DATE, '1994-05-19', 23), 'F', 34),
  (35, 'Mason', 'Smith', NULL, 876543210, CONVERT(DATE, '1983-11-08', 23), 'M', 35),
  (36, 'Scarlett', 'Anderson', NULL, NULL, CONVERT(DATE, '1997-09-02', 23), 'F', 36),
  (37, 'Elijah', 'Taylor', NULL, 345678901, CONVERT(DATE, '1982-04-16', 23), 'M', 37),
  (38, 'Avery', 'Moore', NULL, NULL, CONVERT(DATE, '1996-01-30', 23), 'F', 38),
  (39, 'Benjamin', 'Wilson', NULL, 123456789, CONVERT(DATE, '1980-05-20', 23), 'M', 39),
  (40, 'Hazel', 'Johnson', NULL, 987654321, CONVERT(DATE, '1992-08-15', 23), 'F', 40),
  (41, 'Owen', 'Moore', NULL, 234567890, CONVERT(DATE, '1982-09-03', 23), 'M', 41),
  (42, 'Stella', 'Anderson', NULL, 345678901, CONVERT(DATE, '1990-04-12', 23), 'F', 42),
  (43, 'Ezra', 'Davis', NULL, NULL, CONVERT(DATE, '1987-07-28', 23), 'M', 43),
  (44, 'Penelope', 'Wilson', NULL, 789012345, CONVERT(DATE, '1985-01-15', 23), 'F', 44),
  (45, 'Nathan', 'Martin', NULL, 543210987, CONVERT(DATE, '1984-06-18', 23), 'M', 45),
  (46, 'Aubrey', 'Moore', NULL, NULL, CONVERT(DATE, '1995-02-22', 23), 'F', 46),
  (47, 'Levi', 'Harris', NULL, 432109876, CONVERT(DATE, '1986-08-14', 23), 'M', 47),
  (48, 'Bella', 'Jones', NULL, NULL, CONVERT(DATE, '1991-03-28', 23), 'F', 48),
  (49, 'Hudson', 'Brown', NULL, 987654321, CONVERT(DATE, '1981-07-11', 23), 'M', 49),
  (50, 'Violet', 'Clark', NULL, NULL, CONVERT(DATE, '1994-05-19', 23), 'F', 50),
  (51, 'Zachary', 'Smith', NULL, 876543210, CONVERT(DATE, '1983-11-08', 23), 'M', 51),
  (52, 'Lucy', 'Anderson', NULL, NULL, CONVERT(DATE, '1997-09-02', 23), 'F', 52),
  (53, 'Evan', 'Taylor', NULL, 345678901, CONVERT(DATE, '1982-04-16', 23), 'M', 53),
  (54, 'Lily', 'Moore', NULL, NULL, CONVERT(DATE, '1996-01-30', 23), 'F', 54),
  (55, 'Isaac', 'Wilson', NULL, 123456789, CONVERT(DATE, '1980-05-20', 23), 'M', 55),
  (56, 'Nova', 'Johnson', NULL, 987654321, CONVERT(DATE, '1992-08-15', 23), 'F', 56),
  (57, 'Caleb', 'Thompson', NULL, NULL, CONVERT(DATE, '1975-03-10', 23), 'M', 57),
  (58, 'Aurora', 'Roberts', NULL, 876543210, CONVERT(DATE, '1988-11-25', 23), 'F', 58),
  (59, 'Dylan', 'Miller', NULL, 234567890, CONVERT(DATE, '1982-09-03', 23), 'M', 59),
  (60, 'Scarlet', 'Anderson', NULL, 345678901, CONVERT(DATE, '1990-04-12', 23), 'F', 60),
  (61, 'Elena', 'Davis', NULL, NULL, CONVERT(DATE, '1987-07-28', 23), 'F', 61),
  (62, 'Mason', 'Williams', NULL, 789012345, CONVERT(DATE, '1985-01-15', 23), 'M', 62),
  (63, 'Hannah', 'Martin', NULL, 543210987, CONVERT(DATE, '1984-06-18', 23), 'F', 63),
  (64, 'William', 'Moore', NULL, NULL, CONVERT(DATE, '1995-02-22', 23), 'M', 64),
  (65, 'Madison', 'Harris', NULL, 432109876, CONVERT(DATE, '1986-08-14', 23), 'F', 65),
  (66, 'Leo', 'Jones', NULL, NULL, CONVERT(DATE, '1991-03-28', 23), 'M', 66),
  (67, 'Gabriella', 'Clark', NULL, 987654321, CONVERT(DATE, '1981-07-11', 23), 'F', 67),
  (68, 'Eli', 'Taylor', NULL, NULL, CONVERT(DATE, '1994-05-19', 23), 'M', 68),
  (69, 'Natalie', 'Anderson', NULL, 876543210, CONVERT(DATE, '1983-11-08', 23), 'F', 69),
  (70, 'Isaiah', 'Moore', NULL, NULL, CONVERT(DATE, '1997-09-02', 23), 'M', 70),
  (71, 'Layla', 'Wilson', NULL, 345678901, CONVERT(DATE, '1982-04-16', 23), 'F', 1),
  (72, 'Cameron', 'Johnson', NULL, NULL, CONVERT(DATE, '1996-01-30', 23), 'M', 2),
  (73, 'Eva', 'Thompson', NULL, 123456789, CONVERT(DATE, '1980-05-20', 23), 'F', 3),
  (74, 'Jaxon', 'Roberts', NULL, 987654321, CONVERT(DATE, '1992-08-15', 23), 'M', 4),
  (75, 'Zara', 'Clark', NULL, NULL, CONVERT(DATE, '1975-03-10', 23), 'F', 5),
  (76, 'Luke', 'Miller', NULL, 876543210, CONVERT(DATE, '1988-11-25', 23), 'M', 6),
  (77, 'Gianna', 'Anderson', NULL, 234567890, CONVERT(DATE, '1982-09-03', 23), 'F', 7),
  (78, 'Oscar', 'Davis', NULL, 345678901, CONVERT(DATE, '1990-04-12', 23), 'M', 8),
  (79, 'Ruby', 'Johnson', NULL, NULL, CONVERT(DATE, '1987-07-28', 23), 'F', 9),
  (80, 'Xavier', 'Moore', NULL, 789012345, CONVERT(DATE, '1985-01-15', 23), 'M', 9),
  (81, 'Aaliyah', 'Wilson', NULL, NULL, CONVERT(DATE, '1995-02-22', 23), 'F', 10),
  (82, 'Zayden', 'Martin', NULL, 543210987, CONVERT(DATE, '1984-06-18', 23), 'M', 10),
  (83, 'Adeline', 'Moore', NULL, NULL, CONVERT(DATE, '1995-02-22', 23), 'F', 10),
  (84, 'Axel', 'Jones', NULL, 987654321, CONVERT(DATE, '1981-07-11', 23), 'M', 10),
  (85, 'Alessia', 'Clark', NULL, NULL, CONVERT(DATE, '1991-03-28', 23), 'F', 11),
  (86, 'Ares', 'Miller', NULL, 876543210, CONVERT(DATE, '1988-11-25', 23), 'M', 26),
  (87, 'Aria', 'Anderson', NULL, 234567890, CONVERT(DATE, '1982-09-03', 23), 'F', 17),
  (88, 'Ashton', 'Davis', NULL, 345678901, CONVERT(DATE, '1990-04-12', 23), 'M', 68),
  (89, 'Aubree', 'Roberts', NULL, NULL, CONVERT(DATE, '1987-07-28', 23), 'F', 69),
  (90, 'Beckett', 'Johnson', NULL, 789012345, CONVERT(DATE, '1985-01-15', 23), 'M', 12),
  (91, 'Bianca', 'Moore', NULL, 543210987, CONVERT(DATE, '1984-06-18', 23), 'F', 14),
  (92, 'Bryson', 'Wilson', NULL, NULL, CONVERT(DATE, '1995-02-22', 23), 'M', 16),
  (93, 'Camilla', 'Martin', NULL, 876543210, CONVERT(DATE, '1988-11-25', 23), 'F', 33),
  (94, 'Caspian', 'Clark', NULL, 234567890, CONVERT(DATE, '1982-09-03', 23), 'M', 54),
  (95, 'Celeste', 'Miller', NULL, 345678901, CONVERT(DATE, '1990-04-12', 23), 'F', 55),
  (96, 'Cyrus', 'Anderson', NULL, NULL, CONVERT(DATE, '1987-07-28', 23), 'M', 55),
  (97, 'Dahlia', 'Davis', NULL, 789012345, CONVERT(DATE, '1985-01-15', 23), 'F', 47),
  (98, 'Damien', 'Roberts', NULL, NULL, CONVERT(DATE, '1984-06-18', 23), 'M', 28),
  (99, 'Diana', 'Johnson', NULL, 543210987, CONVERT(DATE, '1995-02-22', 23), 'F', 29),
  (100, 'Dominic', 'Moore', NULL, 234567890, CONVERT(DATE, '1982-09-03', 23), 'M', 70);
  ;

INSERT INTO adresa (address_id, city, postal_code, district, street) 
VALUES 
  (1, 'Prague', 1200, 'Central', 'Main Street'),
  (2, 'Brno', 6020, 'South', 'Oak Avenue'),
  (3, 'Ostrava', 7030, 'North', 'Pine Street'),
  (4, 'Plzen', 3010, 'West', 'Cedar Lane'),
  (5, 'Liberec', 4601, 'East', 'Birch Road'),
  (6, 'Olomouc', 7790, 'Central', 'Elm Street'),
  (7, 'Hradec Kralove', 5002, 'South', 'Maple Avenue'),
  (8, 'Ceske Budejovice', 3705, 'North', 'Spruce Lane'),
  (9, 'Pardubice', 5321, 'West', 'Cherry Road'),
  (10, 'Zlin', 7601, 'East', 'Willow Boulevard'),
  (11, 'Usti nad Labem', 4003, 'Central', 'Sycamore Street'),
  (12, 'Havirov', 7361, 'South', 'Chestnut Avenue'),
  (13, 'Decin', 4052, 'North', 'Ash Lane'),
  (14, 'Karlovy Vary', 3609, 'West', 'Fir Road'),
  (15, 'Teplice', 4101, 'East', 'Juniper Boulevard'),
  (16, 'Bruntal', 7921, 'Central', 'Palm Street'),
  (17, 'Kladno', 2721, 'South', 'Sycamore Avenue'),
  (18, 'Most', 4341, 'North', 'Beech Lane'),
  (19, 'Opava', 7461, 'West', 'Willow Road'),
  (20, 'Frydek-Mistek', 7381, 'East', 'Chestnut Boulevard'),
  (21, 'Prerov', 7502, 'Central', 'Cypress Street'),
  (22, 'Chomutov', 4305, 'South', 'Pine Avenue'),
  (23, 'Jihlava', 5861, 'North', 'Fir Lane'),
  (24, 'Prostejov', 7961, 'West', 'Maple Road'),
  (25, 'Nachod', 5471, 'East', 'Cedar Boulevard'),
  (26, 'Mlada Boleslav', 2931, 'Central', 'Juniper Street'),
  (27, 'Klatovy', 3391, 'South', 'Birch Avenue'),
  (28, 'Usti nad Orlici', 5621, 'North', 'Sycamore Lane'),
  (29, 'Litomerice', 4121, 'West', 'Elm Road'),
  (30, 'Cheb', 3502, 'East', 'Poplar Boulevard'),
  (31, 'Znojmo', 6691, 'Central', 'Chestnut Street'),
  (32, 'Jirkov', 4313, 'South', 'Willow Avenue'),
  (33, 'Uherske Hradiste', 6861, 'North', 'Ash Lane'),
  (34, 'Hodonin', 6952, 'West', 'Cherry Road'),
  (35, 'Pisek', 3971, 'East', 'Walnut Boulevard'),
  (36, 'Benesov', 2561, 'Central', 'Linden Street'),
  (37, 'Strakonice', 3861, 'South', 'Sycamore Avenue'),
  (38, 'Kadan', 4321, 'North', 'Maple Lane'),
  (39, 'Koprivnice', 7421, 'West', 'Fir Road'),
  (40, 'Zdar nad Sazavou', 5911, 'East', 'Juniper Boulevard'),
  (41, 'Kolin', 28002, 'Central', 'Palm Street'),
  (42, 'Jablonec nad Nisou', 4661, 'South', 'Sycamore Avenue'),
  (43, 'Zatec', 4385, 'North', 'Beech Lane'),
  (44, 'Kralupy nad Vltavou', 2781, 'West', 'Willow Road'),
  (45, 'Kromeriz', 7671, 'East', 'Chestnut Boulevard'),
  (46, 'Trebic', 6741, 'Central', 'Cypress Street'),
  (47, 'Sumperk', 7871, 'South', 'Pine Avenue'),
  (48, 'Novy Jicin', 7411, 'North', 'Fir Lane'),
  (49, 'Jindrichuv Hradec', 3771, 'West', 'Maple Road'),
  (50, 'Odry', 7421, 'East', 'Cedar Boulevard'),
  (51, 'Kadan', 4321, 'Central', 'Juniper Street'),
  (52, 'Rakovnik', 2691, 'South', 'Birch Avenue'),
  (53, 'Otrokovice', 7652, 'North', 'Sycamore Lane'),
  (54, 'Litvinov', 4361, 'West', 'Elm Road'),
  (55, 'Chrudim', 5371, 'East', 'Poplar Boulevard'),
  (56, 'Valasske Mezirici', 7571, 'Central', 'Chestnut Street'),
  (57, 'Klasterec nad Ohri', 4351, 'South', 'Willow Avenue'),
  (58, 'Cesky Tesin', 7371, 'North', 'Ash Lane'),
  (59, 'Vsetin', 7551, 'West', 'Cherry Road'),
  (60, 'Ostrov', 3631, 'East', 'Walnut Boulevard'),
  (61, 'Brno', 602, 'Central', 'Cypress Street'),
  (62, 'Pardubice', 531, 'South', 'Pine Avenue'),
  (63, 'Olomouc', 779, 'North', 'Fir Lane'),
  (64, 'Plzen', 301, 'West', 'Maple Road'),
  (65, 'Kolin', 282, 'East', 'Cedar Boulevard'),
  (66, 'Zlin', 761, 'Central', 'Juniper Street'),
  (67, 'Mlada Boleslav', 2931, 'South', 'Birch Avenue'),
  (68, 'Ceske Budejovice', 3705, 'North', 'Sycamore Lane'),
  (69, 'Hradec Kralove', 5002, 'West', 'Elm Road'),
  (70, 'Liberec', 461, 'East', 'Poplar Boulevard');


INSERT INTO evidence (evidence_id, type, description, case_case_id) 
VALUES 
 (1, 'Gun', 'Evidence related to a gun found at the crime scene.', 1),
  (2, 'Knife', 'Evidence related to a knife found in the suspects possession.', 2),
  (3, 'Poison', 'Evidence related to toxic substances found in the victims belongings.', 3),
  (4, 'Fingerprint', 'Evidence related to fingerprints discovered on a stolen item.', 4),
  (5, 'Security Footage', 'Evidence related to security footage capturing the suspect during a crime.', 5),
  (6, 'Financial Records', 'Evidence related to financial records revealing fraudulent transactions.', 6),
  (7, 'Bribery Money', 'Evidence related to illicit funds traced to corrupt practices.', 7),
  (8, 'Extortion Evidence', 'Evidence related to recordings of extortion attempts by the suspect.', 8),
  (9, 'Kidnappers Note', 'Evidence related to a written message demanding ransom for the victim.', 9),
  (10, 'Arson Accelerant', 'Evidence related to a substance used to start fires in an arson case.', 10),
  (11, 'Fake Documents', 'Evidence related to counterfeit identification documents seized during an investigation.', 11),
  (12, 'Burglar Tools', 'Evidence related to tools commonly used in burglaries found at the crime scene.', 12),
  (13, 'Assault Surveillance', 'Evidence related to video evidence capturing violent assaults.', 13),
  (14, 'Embezzlement Record', 'Evidence related to financial documents exposing embezzlement within a company.', 14),
  (15, 'Blackmail Letters', 'Evidence related to letters containing threats and demands in a blackmail case.', 15),
  (16, 'Contraband Seizure', 'Evidence related to illegal goods confiscated in a contraband smuggling ring case.', 16),
  (17, 'Stalkers Journal', 'Evidence related to a journal documenting stalking behavior by the suspect.', 17),
  (18, 'fake Currency', 'Evidence related to forged money discovered during an investigation.', 18),
  (19, 'Autopsy Report', 'Evidence related to a detailed medical examination report detailing the cause of death.', 19),
  (20, 'Plans', 'Evidence related to plans and strategies found in the possession of a protest organizer.', 20),
  (21, 'Footage', 'Evidence related to video evidence from the scene of the crime.', 21),
  (22, 'Computer Forensics', 'Evidence related to digital evidence recovered from the suspect''s computer.', 22),
  (23, 'Analysis Report', 'Evidence related to a detailed report from the crime scene analysis.', 23),
  (24, 'Vandalism Tools', 'Evidence related to tools used in the commission of vandalism found in the suspects possession.', 24),
  (25, 'Footage', 'Evidence related to video footage capturing public disturbance incidents.', 25),
  (26, 'Corporate Emails', 'Evidence related to email correspondence revealing fraudulent activities within a company.', 26),
  (27, 'Corruption Files', 'Evidence related to documents exposing corrupt practices within a government agency.', 27),
  (28, 'Video', 'Evidence related to video recordings containing evidence of blackmail.', 28),
  (29, 'Ransom Note', 'Evidence related to a written message with details of the ransom demand.', 29),
  (30, 'Investigatve Report', 'Evidence related to an official report summarizing findings in the arson investigation.', 30),
  (31, 'Forgery Materials', 'Evidence related to materials used in the production of counterfeit documents.', 30),
  (32, 'Suspect Confession', 'Evidence related to a recorded confession from the burglary suspect.', 15),
  (33, 'Witness Statements', 'Evidence related to statements from witnesses describing violent assaults.', 13),
  (34, 'Embezzlement Record', 'Evidence related to detailed records of fraudulent transactions.', 24),
  (35, 'Blackmail Audio', 'Evidence related to audio recordings containing threats and demands.', 15),
  (36, 'Drugs Inventory', 'Evidence related to a list of illegal goods seized in a contraband.', 26),
  (37, 'Stalking Testimony', 'Evidence related to testimony from the victim describing stalking incidents.', 17),
  (38, 'Documents', 'Evidence related to documents outlining the case.', 28),
  (39, 'Death Report', 'Evidence related to a detailed report defendant crimes.', 19),
  (40, 'Disturbance Plans', 'Evidence related to plans and communications found with the organizer.', 30);

INSERT INTO criminal_history (criminal_history_id, crime, trest_type, start_date, end_date, person_person_id) 
VALUES 
  (1, 'Robbery', 'Imprisonment', CONVERT(DATE, '2010-05-12', 23), CONVERT(DATE, '2014-08-20', 23), 1),
  (2, 'Fraud', 'House Arrest', CONVERT(DATE, '2008-02-08', 23), CONVERT(DATE, '2009-11-15', 23), 2),
  (3, 'Assault', 'Imprisonment', CONVERT(DATE, '2015-09-23', 23), CONVERT(DATE, '2018-06-10', 23), 3),
  (4, 'Burglary', 'Probation', CONVERT(DATE, '2012-11-30', 23), CONVERT(DATE, '2014-03-22', 23), 4),
  (5, 'Vandalism', 'Imprisonment', CONVERT(DATE, '2009-07-14', 23), CONVERT(DATE, '2011-02-18', 23), 5),
  (6, 'Kidnapping', 'House Arrest', CONVERT(DATE, '2016-03-05', 23), CONVERT(DATE, '2018-09-28', 23), 6),
  (7, 'Embezzlement', 'Probation', CONVERT(DATE, '2014-08-12', 23), CONVERT(DATE, '2016-05-09', 23), 7),
  (8, 'Robbery', 'Imprisonment', CONVERT(DATE, '2010-01-17', 23), CONVERT(DATE, '2013-07-04', 23), 8),
  (9, 'Fraud', 'House Arrest', CONVERT(DATE, '2012-09-08', 23), CONVERT(DATE, '2014-12-01', 23), 9),
  (10, 'Assault', 'Imprisonment', CONVERT(DATE, '2018-04-26', 23), CONVERT(DATE, '2020-12-15', 23), 10),
  (11, 'Burglary', 'Probation', CONVERT(DATE, '2011-06-19', 23), CONVERT(DATE, '2013-09-07', 23), 11),
  (12, 'Vandalism', 'Imprisonment', CONVERT(DATE, '2013-10-04', 23), CONVERT(DATE, '2016-01-28', 23), 12),
  (13, 'Kidnapping', 'House Arrest', CONVERT(DATE, '2017-08-09', 23), CONVERT(DATE, '2019-11-30', 23), 13),
  (14, 'Embezzlement', 'Probation', CONVERT(DATE, '2015-03-12', 23), CONVERT(DATE, '2017-06-27', 23), 14),
  (15, 'Robbery', 'Imprisonment', CONVERT(DATE, '2012-01-30', 23), CONVERT(DATE, '2015-04-19', 23), 15),
  (16, 'Fraud', 'House Arrest', CONVERT(DATE, '2014-11-17', 23), CONVERT(DATE, '2016-09-03', 23), 16),
  (17, 'Assault', 'Imprisonment', CONVERT(DATE, '2019-06-22', 23), CONVERT(DATE, '2021-11-12', 23), 17),
  (18, 'Burglary', 'Probation', CONVERT(DATE, '2010-07-03', 23), CONVERT(DATE, '2012-01-15', 23), 18),
  (19, 'Vandalism', 'Imprisonment', CONVERT(DATE, '2013-04-28', 23), CONVERT(DATE, '2015-09-20', 23), 19),
  (20, 'Kidnapping', 'House Arrest', CONVERT(DATE, '2016-11-10', 23), CONVERT(DATE, '2018-07-02', 23), 20),
  (21, 'Vandalism', 'Imprisonment', CONVERT(DATE, '2012-03-18', 23), CONVERT(DATE, '2014-09-10', 23), 21),
  (22, 'Kidnapping', 'House Arrest', CONVERT(DATE, '2017-09-05', 23), CONVERT(DATE, '2019-04-28', 23), 22),
  (23, 'Embezzlement', 'Probation', CONVERT(DATE, '2015-12-22', 23), CONVERT(DATE, '2018-03-15', 23), 23),
  (24, 'Robbery', 'Imprisonment', CONVERT(DATE, '2011-08-14', 23), CONVERT(DATE, '2014-01-07', 23), 24),
  (25, 'Fraud', 'House Arrest', CONVERT(DATE, '2013-05-28', 23), CONVERT(DATE, '2015-12-20', 23), 25),
  (26, 'Assault', 'Imprisonment', CONVERT(DATE, '2019-02-03', 23), CONVERT(DATE, '2021-09-25', 23), 26),
  (27, 'Burglary', 'Probation', CONVERT(DATE, '2010-12-16', 23), CONVERT(DATE, '2013-03-09', 23), 27),
  (28, 'Vandalism', 'Imprisonment', CONVERT(DATE, '2013-07-08', 23), CONVERT(DATE, '2016-10-30', 23), 28),
  (29, 'Kidnapping', 'House Arrest', CONVERT(DATE, '2018-04-22', 23), CONVERT(DATE, '2020-11-15', 23), 1),
  (30, 'Embezzlement', 'Probation', CONVERT(DATE, '2016-09-12', 23), CONVERT(DATE, '2018-12-05', 23), 2),
  (31, 'Robbery', 'Imprisonment', CONVERT(DATE, '2012-04-05', 23), CONVERT(DATE, '2015-07-25', 23), 3),
  (32, 'Fraud', 'House Arrest', CONVERT(DATE, '2014-12-29', 23), CONVERT(DATE, '2016-08-13', 23), 4),
  (33, 'Assault', 'Imprisonment', CONVERT(DATE, '2019-10-11', 23), CONVERT(DATE, '2022-03-03', 23), 5),
  (34, 'Burglary', 'Probation', CONVERT(DATE, '2011-11-24', 23), CONVERT(DATE, '2014-02-15', 23), 6),
  (35, 'Vandalism', 'Imprisonment', CONVERT(DATE, '2014-06-09', 23), CONVERT(DATE, '2016-11-01', 23), 6),
  (36, 'Kidnapping', 'House Arrest', CONVERT(DATE, '2017-01-23', 23), CONVERT(DATE, '2019-07-16', 23), 6),
  (37, 'Embezzlement', 'Probation', CONVERT(DATE, '2015-04-15', 23), CONVERT(DATE, '2017-07-08', 23), 7),
  (38, 'Robbery', 'Imprisonment', CONVERT(DATE, '2013-02-28', 23), CONVERT(DATE, '2016-05-20', 23), 8),
  (39, 'Fraud', 'House Arrest', CONVERT(DATE, '2016-10-13', 23), CONVERT(DATE, '2018-04-06', 23), 9),
  (40, 'Assault', 'Imprisonment', CONVERT(DATE, '2022-01-05', 23), CONVERT(DATE, '2024-07-28', 23), 16);


INSERT INTO cases (case_id, name, description, type, detective, judge, strat_date, end_date, criminal_history_id) 
VALUES 
 (1, 'Midnight Theft', 'A series of nighttime thefts targeting local businesses.', 'Theft', 'Detective Smith', 'Judge Brown', CONVERT(DATE, '1990-01-15', 23), CONVERT(DATE, '1991-03-28', 23), 1),
  (2, 'Diamond Heist', 'A high-profile robbery of a jewelry store with skilled criminals.', 'Robbery', 'Detective Johnson', 'Judge White', CONVERT(DATE, '1995-02-22', 23), CONVERT(DATE, '1997-09-02', 23), 2),
  (3, 'Doe Murder', 'A mysterious unsolved murder of an unidentified woman.', 'Murder', 'Detective Davis', 'Judge Black', CONVERT(DATE, '1982-09-03', 23), CONVERT(DATE, '1988-11-25', 23), 3),
  (4, 'Graffiti Rampage', 'Vandalism spree defacing public and private property.', 'Vandalism', 'Detective Miller', 'Judge Green', CONVERT(DATE, '1987-07-28', 23), NULL, 4),
  (5, 'Citywide Protest', 'Large-scale public disturbance during a protest.', 'Public Disorder', 'Detective Wilson', NULL, CONVERT(DATE, '1990-04-12', 23), NULL, 29),
  (6, 'White Syndicate', 'Investigation into a sophisticated fraud and embezzlement scheme.', 'Fraud', 'Detective Moore', 'Judge Carter', CONVERT(DATE, '1982-04-16', 23), CONVERT(DATE, '1986-08-14', 23), 5),
  (7, 'Clean Sweep', 'Cracking down on corruption within government agencies.', 'Corruption', 'Detective Clark', NULL, CONVERT(DATE, '1994-05-19', 23), NULL, 28),
  (8, 'Extortion Plot', 'A criminal organization engaging in extortion activities.', 'extortion', 'Detective Anderson', 'Judge Harris', CONVERT(DATE, '1985-01-15', 23), CONVERT(DATE, '1988-11-25', 23), 6),
  (9, 'Ransom', 'A high-stakes kidnapping with a demand for a large ransom.', 'Violent', 'Detective Davis', 'Judge White', CONVERT(DATE, '2016-01-30', 23), CONVERT(DATE, '2017-09-02', 23), 7),
  (10, 'Arson Spree', 'Multiple incidents of intentional property destruction by fire.', 'Property demage', 'Detective Miller', 'Judge Green', CONVERT(DATE, '1990-01-15', 23), CONVERT(DATE, '1991-03-28', 23), 8),
  (11, 'Forgery Ring', 'Investigation into a network producing counterfeit documents.', 'Fraud', 'Detective Wilson', 'Judge Carter', CONVERT(DATE, '1985-01-15', 23), NULL, 27),
  (12, 'Burglary', 'Crimes involving breaking into homes and businesses.', 'break-in', 'Detective Moore', 'Judge Harris', CONVERT(DATE, '1987-07-28', 23), NULL, 9),
  (13, 'Assault Cases', 'Investigation into a series of violent assaults', 'Violent', 'Detective Clark', 'Judge Black', CONVERT(DATE, '1984-06-18', 23), CONVERT(DATE, '1991-03-28', 23), 10),
  (14, 'Embezzlement Scheme', 'White-collar crime involving misappropriation of funds within a company.', 'Fraud', 'Detective Anderson', 'Judge Green', CONVERT(DATE, '2017-04-16', 23), CONVERT(DATE, '2022-08-14', 23), 11),
  (15, 'Blackmail', 'Cracking down on individuals involved in blackmail activities.', 'extortion', 'Detective Davis', NULL, CONVERT(DATE, '2011-05-19', 23), NULL, 26),
  (16, 'Smuggling Ring', 'Investigation into the illegal smuggling of contraband goods.', 'Contraband', 'Detective Miller', 'Judge Harris', CONVERT(DATE, '1985-01-15', 23), CONVERT(DATE, '1988-11-25', 23), 12),
  (17, 'Stalking Cases', 'Dealing with cases of individuals engaging in stalking behaviors.', 'Harassment', 'Detective Wilson', 'Judge Carter', CONVERT(DATE, '1996-01-30', 23), CONVERT(DATE, '1997-09-02', 23), 13),
  (18, 'Counterfeiting', 'Investigation into a large-scale counterfeiting operation.', 'Fraud', 'Detective Moore', NULL, CONVERT(DATE, '1990-01-15', 23), CONVERT(DATE, '1991-03-28', 23), 14),
  (19, 'Manslaughter', 'Investigation into cases of unintentional manslaughter.', 'Homicide', 'Detective Clark', 'Judge Black', CONVERT(DATE, '1985-01-15', 23), CONVERT(DATE, '1988-11-25', 23), 15),
  (20, 'Public Disturbance', 'Dealing with various public disturbance incidents.', 'Public Disorder', 'Detective Anderson', 'Judge Green', CONVERT(DATE, '2019-07-28', 23), NULL, 25),
  (21, 'Shadow Theft', 'A covert operation to apprehend a group of elusive thieves.', 'Theft', 'Detective Smith', 'Judge Brown', CONVERT(DATE, '1990-01-15', 23), CONVERT(DATE, '1991-03-28', 23), 16),
  (22, 'Art Heist', 'The mysterious theft of valuable artworks from a renowned gallery.', 'Robbery', 'Detective Johnson', 'Judge White', CONVERT(DATE, '1995-02-22', 23), CONVERT(DATE, '1997-09-02', 23), 17),
  (23, 'Enigma Murder', 'A murder case with puzzling and cryptic clues.', 'Murder', 'Detective Davis', 'Judge Black', CONVERT(DATE, '2008-09-03', 23), CONVERT(DATE, '2019-11-25', 23), 18),
  (24, 'Street Art', 'Investigating street art that blurs the line between vandalism and expression.', 'Vandalism', 'Detective Miller', 'Judge Green', CONVERT(DATE, '2022-07-28', 23), NULL, 22),
  (25, 'Disturbance II', 'Dealing with a recurring pattern of public disturbance incidents.', 'Public Disorder', 'Detective Wilson', NULL, CONVERT(DATE, '2023-04-12', 23), NULL, 23),
  (26, 'Fraud Network', 'Infiltrating a network involved in large-scale corporate fraud.', 'Fraud', 'Detective Moore', 'Judge Carter', CONVERT(DATE, '1982-04-16', 23), CONVERT(DATE, '1986-08-14', 23), 18),
  (27, 'Integrity', 'Uncovering corruption within law enforcement agencies.', 'Corruption', 'Detective Clark', NULL, CONVERT(DATE, '2021-05-19', 23), NULL, 24),
  (28, 'Blackmail', 'A complex investigation into an organized blackmail ring.', 'Coercion', 'Detective Anderson', 'Judge Harris', CONVERT(DATE, '2003-01-15', 23), CONVERT(DATE, '2006-11-25', 23), 19),
  (29, 'High-Stakes II', 'A follow-up investigation into high-stakes kidnapping cases.', 'Violent', 'Detective Davis', 'Judge White', CONVERT(DATE, '1996-01-30', 23), CONVERT(DATE, '1997-09-02', 23), 20),
  (30, 'Arson II', 'Investigating a series of intentional property destruction incidents by fire.', 'Property demage', 'Detective Miller', 'Judge Green', CONVERT(DATE, '2013-01-15', 23), CONVERT(DATE, '2015-03-28', 23), 21);

INSERT INTO defendant (case_id, person_id)
VALUES
  (1, 1), (2, 2), (3, 3), (4, 4), (5, 5), (6, 6), (7, 7), (8, 8), (9, 9), (10, 10),
  (11, 11), (12, 12), (13, 13), (14, 14), (15, 15), (16, 16), (17, 17), (18, 18), (19, 19),
  (20, 20), (21, 21), (22, 22), (23, 23), (24, 24), (25, 25), (26, 26), (27, 27), (28, 28),
  (29, 29), (30, 30), (31, 3), (32, 4), (33, 5), (34, 6), (35, 6), (36, 6), (37, 7), (38, 8),
  (39, 9), (40, 16);

INSERT INTO witness (witness_id, statement, protection, person_person_id, case_case_id)
VALUES
  (1, 'Observed the incident at the crime scene and can provide valuable information.', 'N', 80, 1),
  (2, 'Has no direct knowledge of the crime but can testify about the suspect''s behavior.', 'Y', 81, 2),
  (3, 'Witnessed the entire event unfold and can identify the perpetrator.', 'N', 82, 3),
  (4, 'Overheard a conversation that may be relevant to the case.', 'Y', 83, 4),
  (5, 'Saw the suspect fleeing from the scene of the crime.', 'N', 84, 5),
  (6, 'Can provide an alibi for the accused during the time of the alleged crime.', 'Y', 85, 6),
  (7, 'Caught a glimpse of the suspect''s vehicle leaving the area.', 'N', 86, 7),
  (8, 'Can testify about the suspect''s previous criminal activities.', 'Y', 87, 8),
  (9, 'Witnessed a suspicious interaction between the victim and the suspect.', 'N', 88, 9),
  (10, 'Can identify the suspect based on distinctive features.', 'Y', 89, 10),
  (11, 'Has information about potential motives for the crime.', 'N', 90, 11),
  (12, 'Testified about the suspect''s threatening behavior towards the victim.', 'Y', 91, 12),
  (13, 'Provided key evidence in the form of photographs taken at the scene.', 'N', 92, 13),
  (14, 'Can confirm the suspect''s presence at the location during the incident.', 'Y', 93, 14),
  (15, 'Witnessed the suspect attempting to conceal evidence.', 'N', 94, 15),
  (16, 'Has knowledge of the suspect''s connections to criminal organizations.', 'Y', 95, 16),
  (17, 'Testified about the suspect''s erratic behavior leading up to the incident.', 'N', 96, 17),
  (18, 'Saw the suspect interacting with potential accomplices.', 'Y', 97, 18),
  (19, 'Can provide information about the suspect''s financial transactions.', 'N', 98, 19),
  (20, 'Testified about the suspect''s history of violent tendencies.', 'Y', 99, 20);

  ALTER TABLE adresa ADD CONSTRAINT address_pk PRIMARY KEY ( address_id );
  ALTER TABLE cases ADD CONSTRAINT case_pk PRIMARY KEY ( case_id ); 
  ALTER TABLE criminal_history ADD CONSTRAINT criminal_history_pk PRIMARY KEY ( criminal_history_id );
  ALTER TABLE defendant ADD CONSTRAINT defendants_pk PRIMARY KEY ( case_id, person_id );
  ALTER TABLE evidence ADD CONSTRAINT evidence_pk PRIMARY KEY ( evidence_id );
  ALTER TABLE person ADD CONSTRAINT person_pk PRIMARY KEY ( person_id );
  ALTER TABLE witness ADD CONSTRAINT witness_pk PRIMARY KEY ( witness_id );

ALTER TABLE cases
    ADD CONSTRAINT case_criminal_history_fk FOREIGN KEY ( criminal_history_id )
        REFERENCES criminal_history ( criminal_history_id );

ALTER TABLE criminal_history
    ADD CONSTRAINT criminal_history_person_fk FOREIGN KEY ( person_person_id )
        REFERENCES person ( person_id );

ALTER TABLE defendant
    ADD CONSTRAINT defendant_person_fk FOREIGN KEY ( person_id )
        REFERENCES person ( person_id );

ALTER TABLE evidence
    ADD CONSTRAINT evidence_case_fk FOREIGN KEY ( case_case_id )
        REFERENCES cases ( case_id );

ALTER TABLE person
    ADD CONSTRAINT person_address_fk FOREIGN KEY ( address_id )
        REFERENCES adresa ( address_id );

ALTER TABLE witness
    ADD CONSTRAINT witness_case_fk FOREIGN KEY ( case_case_id )
        REFERENCES cases ( case_id );

ALTER TABLE witness
    ADD CONSTRAINT witness_person_fk FOREIGN KEY ( person_person_id )
        REFERENCES person ( person_id );
